{
    "time": [
        [
            0.029629629,
            0.0574074074,
            0.832291667,
            0.911041667
        ],
        [
            "Templates\\1080\\0.jpg",
            "Templates\\1080\\1.jpg",
            "Templates\\1080\\2.jpg",
            "Templates\\1080\\3.jpg",
            "Templates\\1080\\4.jpg",
            "Templates\\1080\\5.jpg",
            "Templates\\1080\\6.jpg",
            "Templates\\1080\\7.jpg",
            "Templates\\1080\\8.jpg",
            "Templates\\1080\\9.jpg"
        ],
        0.75,
        [
            6
        ]
    ],
    "altitude": [
        [
            0.185185185,
            0.231481481,
            0.911458333,
            0.963541667
        ],
        [
            "Templates\\1080\\0.jpg",
            "Templates\\1080\\1.jpg",
            "Templates\\1080\\2.jpg",
            "Templates\\1080\\3.jpg",
            "Templates\\1080\\4.jpg",
            "Templates\\1080\\5.jpg",
            "Templates\\1080\\6.jpg",
            "Templates\\1080\\7.jpg",
            "Templates\\1080\\8.jpg",
            "Templates\\1080\\9.jpg"
        ],
        0.75,
        [
            3,
            4
        ]
    ],
    "velocity": [
        [
            0.185185185,
            0.231481481,
            0.807291667,
            0.885416667
        ],
        [
            "Templates\\1080\\0.jpg",
            "Templates\\1080\\1.jpg",
            "Templates\\1080\\2.jpg",
            "Templates\\1080\\3.jpg",
            "Templates\\1080\\4.jpg",
            "Templates\\1080\\5.jpg",
            "Templates\\1080\\6.jpg",
            "Templates\\1080\\7.jpg",
            "Templates\\1080\\8.jpg",
            "Templates\\1080\\9.jpg"
        ],
        0.75,
        [
            5
        ]
    ],
    "unit": [
        [
            0.234259259,
            0.252777778,
            0.846354167,
            0.875
        ],
        [
            "Templates\\1080\\kmh.jpg"
        ],
        0.85,
        [
            1
        ]
    ],
    "sign": [
        [
            0.037037037,
            0.0564814815,
            0.799479167,
            0.809895833
        ],
        [
            "Templates\\1080\\plus.jpg"
        ],
        0.5,
        [
            1
        ]
    ]
}