{
    "stage": [
        [
            0.0425925925925926,
            0.07407407407407407,
            0.05885416666666665,
            0.0774999999999998
        ],
        [
            "Templates\\spacex\\stage1.png",
            "Templates\\spacex\\stage2.png"
        ],
        0.7,
        [
            1
        ]
    ],
    "unit": [
        [
            0.20648148148148146,
            0.23148148148148148,
            0.04999999999999993,
            0.08749999999999991
        ],
        [
            "Templates\\spacex\\kmh.jpg"
        ],
        0.85,
        [
            1
        ]
    ],
    "anchor": [
        null,
        [
            "anchor.png"
        ],
        0.85,
        []
    ],
    "sign": [
        [
            0.007407407407407408,
            0.0275,
            0.01,
            0.021874999999999978
        ],
        [
            "Templates\\spacex\\plus.jpg"
        ],
        0.7,
        [
            1
        ]
    ],
    "velocity": [
        [
            0.16759259259259257,
            0.20092592592592592,
            0.025520833333333326,
            0.08177083333333335
        ],
        [
            "Templates\\spacex\\0.jpg",
            "Templates\\spacex\\1.jpg",
            "Templates\\spacex\\2.jpg",
            "Templates\\spacex\\3.jpg",
            "Templates\\spacex\\4.jpg",
            "Templates\\spacex\\5.jpg",
            "Templates\\spacex\\6.jpg",
            "Templates\\spacex\\7.jpg",
            "Templates\\spacex\\8.jpg",
            "Templates\\spacex\\9.jpg"
        ],
        0.75,
        [
            5
        ]
    ],
    "altitude": [
        [
            0.16759259259259257,
            0.19814814814814813,
            0.12812499999999993,
            0.1802083333333333
        ],
        [
            "Templates\\spacex\\0.jpg",
            "Templates\\spacex\\1.jpg",
            "Templates\\spacex\\2.jpg",
            "Templates\\spacex\\3.jpg",
            "Templates\\spacex\\4.jpg",
            "Templates\\spacex\\5.jpg",
            "Templates\\spacex\\6.jpg",
            "Templates\\spacex\\7.jpg",
            "Templates\\spacex\\8.jpg",
            "Templates\\spacex\\9.jpg"
        ],
        0.75,
        [
            3,
            4
        ]
    ],
    "time": [
        [
            0.0009259259259259273,
            0.03333333333333334,
            0.04218749999999993,
            0.11822916666666661
        ],
        [
            "Templates\\spacex\\0.jpg",
            "Templates\\spacex\\1.jpg",
            "Templates\\spacex\\2.jpg",
            "Templates\\spacex\\3.jpg",
            "Templates\\spacex\\4.jpg",
            "Templates\\spacex\\5.jpg",
            "Templates\\spacex\\6.jpg",
            "Templates\\spacex\\7.jpg",
            "Templates\\spacex\\8.jpg",
            "Templates\\spacex\\9.jpg"
        ],
        0.75,
        [
            6
        ]
    ]
}